{
    "animations":[],
    "materials":[],
    "uvs":[],
    "skinWeights":[],
    "normals":[0.878289,0.323434,-0.352134],
    "faces":[35,0,1,3,2,0,0,0,0,0],
    "bones":[],
    "skinIndices":[],
    "colors":[],
    "influencesPerVertex":2,
    "vertices":[223.716,12.4608,-67.0569,236.199,-28.4812,-73.5262,162.911,17.1975,-214.366,175.394,-23.7444,-220.835],
    "metadata":{
        "materials":0,
        "uvs":0,
        "generator":"io_three",
        "faces":1,
        "bones":0,
        "normals":1,
        "type":"Geometry",
        "vertices":4,
        "colors":0,
        "version":3
    }
}