{
    "animations":[],
    "materials":[{
        "opacity":1,
        "blending":"NormalBlending",
        "colorSpecular":[0.5,0.5,0.5],
        "shading":"phong",
        "transparent":false,
        "vertexColors":false,
        "specularCoef":50,
        "DbgIndex":0,
        "DbgColor":15658734,
        "DbgName":"Material.057",
        "depthWrite":true,
        "colorDiffuse":[0.0954154,0.0907681,0.0776304],
        "visible":true,
        "colorEmissive":[0,0,0],
        "wireframe":false,
        "doubleSided":false,
        "depthTest":true
    }],
    "uvs":[[0.665243,0.21483,0.593975,0.14354,0.705692,0.0558273,0.423025,0.716318,0.509847,0.663711,0.550914,0.851407,0.891247,0.476404,0.935789,0.395027,0.947261,0.521253,0.0564509,0.416688,0.0284037,0.195637,0.0951744,0.160946,0.837291,0.367408,0.885131,0.299613,0.935913,0.272553,0.973607,0.336709,0.405605,0.404728,0.509865,0.376016,0.740628,0.453042,0.789324,0.568309,0.73943,0.725435,0.84555,0.160624,0.788926,0.396837,0.301936,0.349589,0.339582,0.410118,0.273473,0.579791,0.0867982,0.646726,0.0928163,0.815127,0.00871256,0.506946,0.705871,0.729364,0.638431,0.795932,0.605789,0.721237,0.268991,6.66651e-05,0.331879,0.136534,0.294575,0.204531,0.868719,-9.88127e-05,0.911787,0.0419559,0.893973,0.139483,0.960752,0.0568488,1,0.0486265,0.982186,0.146154,0.215958,0.694845,0.188456,0.738565,0.170076,0.604086,0.705871,0.153707,0.740825,0.000109053,0.707976,0.198808,0.258414,0.857589,0.311301,0.841754,0.263809,0.279856,0.223886,0.490171,0.852655,0.558536,0.89571,0.503065,0.100176,0,0.59228,0.150375,0.665243,0.21483,0.846077,0.519929,0.837709,0.333182,0.0153892,0.284927,0.0564509,0.416688,0.0850124,0.185417,0.787449,0.764719,0.740113,0.673889,0.736984,0.923233,0.935789,0.395027,0.935913,0.272553,0.789305,0.573169,0.64898,0.406827,0.562273,0.51176,0.670769,0.604458,0.452311,0.176292,0.410918,0.626848,0.0558863,0.736009,0.0867981,0.646725,0.628263,0.772665,0.654106,0.914388,0.847662,0.133996,0.893859,0.141856,0.868719,-9.88209e-05,0.942377,0.158756,0.982186,0.146153,0.960752,0.0568488,0.552689,0.186052,0.478778,0.120468,0.298152,0.0854173,0.268968,0,0.170076,0.604086,0.257732,0.8501,0.273473,0.579791,0.223886,0.490171,0.284992,0.227994,0.365576,0.199625,0.491112,0.912924,0.785193,0.939516,0.787556,0.757425,0.320134,0.615075,0.358619,0.813714,0.98622,0.537146,0.147818,0.179635,0.181108,0.208559,0.148298,0.415729,0.108951,0.415858,0.83628,0.576494,0.834477,0.766108,0.562273,0.51176,0.835796,0.39954,0.942381,0.158631,0.670769,0.604458,0.136381,0.619252,0.78718,0.281989,0.834194,0.297794,0.488364,0.0976693,0.738725,0.294196,0.836452,0.00259964,0.788763,0.00259313,0.365576,0.199625,0.396564,0.257642,0.153282,0.79635,0.505844,0,0.121904,0.859995,0.832259,0.935958,0.834477,0.766108,0.652892,0,0.311232,1.00025,0.320981,0.580764,0.307188,0.828572,0.342978,0.772312,0.9447,0.506796,0.982357,0.514865,0.148298,0.415729,0.171338,0.232578,0.134408,0.21273,0.108951,0.415858,0.502337,0.613165,0.788926,0.396837,0.835796,0.39954,0.344707,0.384153,0.136381,0.619252,0.835209,0.097807,0.788763,0.00259522,0.153283,0.796351,0.128929,0.872242,0.740825,0.000109047,0.836453,0.00252528]],
    "skinWeights":[],
    "normals":[0.917463,0.39095,-0.0736228,-0.939418,0.326727,-0.103651,-0.373251,-0.885,0.278313,0.972849,0.225154,-0.0535741,-0.775431,-0.570546,0.270527,-0.354982,-0.769385,0.531069,0.426945,-0.7276,0.536951,-0.949239,0.236813,-0.207038,0.386143,0.763468,-0.517696,-0.677932,-0.548901,0.488994,0.140955,0.721929,-0.677458,-0.962679,-0.205039,0.176657,0.942867,0.193123,-0.271486,0.918977,0.181535,-0.350037,-0.926405,0.055583,-0.372403,-0.768602,-0.217143,0.601748,-0.294234,-0.283541,0.912705,0.275867,-0.263465,0.924383,0.756712,-0.16343,0.632991,0.949723,0.132898,-0.283486,-0.980934,0.167248,-0.0989817,-0.966073,0.111599,-0.232914,-0.777982,-0.628076,0.0162677,0.957102,0.289687,-0.00609096,0.915773,0.394706,0.0746146,-0.718785,-0.646947,-0.254575,0.975686,0.212508,0.0536325,0.344734,0.897942,0.273604,-0.170902,-0.878977,-0.445188,0.426945,-0.7276,-0.536951,0.354688,0.759027,0.545962,0.943372,0.261108,0.204626,-0.898833,0.286145,0.331995,0.96587,0.196285,0.169016,0.846294,0.527577,0.0738123,-0.713794,-0.276997,-0.64325,0.341186,-0.297298,-0.891743,-0.947164,0.223432,0.230127,-0.187349,0.970782,0.149945,-0.294087,-0.28807,-0.911333,0.756712,-0.16343,-0.632991,-0.955296,0.244186,0.166682,-0.959686,0.116164,0.255946,-0.965011,0.0268448,0.260831,-0.680829,-0.73186,-0.0291935,-0.889026,0.45025,0.0831086,0.245449,0.943907,-0.220895,-0.962786,-0.26179,0.0671527,0.282846,-0.895753,0.342965,-0.66998,-0.703145,0.238146,0.756014,-0.600897,0.259549,0.977595,-0.181401,0.106781,-0.282515,0.842417,-0.458823,0.910494,0.380547,-0.161817,-0.27163,0.683957,-0.677067,-0.197883,-0.866132,0.458975,0.94636,0.296269,-0.128947,-0.929514,0.303925,-0.208884,0.152782,0.872568,-0.463986,-0.286484,-0.637045,0.715612,0.943372,0.261107,-0.204626,-0.973201,-0.189148,0.130774,-0.763065,-0.441555,0.471976,0.281306,-0.630268,0.723623,0.73704,-0.423256,0.526903,0.971749,-0.122522,0.201722,-0.249839,0.494398,-0.832557,0.97598,0.169248,-0.137177,0.926653,0.235652,-0.292887,-0.928337,0.171545,-0.329792,0.291882,0.522751,-0.80096,-0.238614,0.950175,-0.200576,-0.97219,-0.120623,0.20074,0.752539,0.650931,-0.0998663,0.967576,-0.0515944,0.247255,-0.692131,-0.301049,0.655991,-0.355159,-0.32155,0.877763,0.340692,-0.297046,0.892016,0.707307,-0.225984,0.669812,0.224255,0.955879,-0.189749,0.966406,0.126782,-0.223574,-0.76223,0.621388,-0.181336,-0.971429,0.048484,-0.232324,0.966635,0.130504,-0.22042,-0.954192,0.248731,-0.166283,-0.979036,0.100403,-0.177223,-0.296051,0.927761,0.227184,-0.965026,0.0261834,-0.260844,0.942266,0.310946,-0.124288,-0.153766,-0.987373,0.038083,-0.895309,0.442258,-0.053199,-0.957087,0.26682,0.113097,-0.961128,-0.265755,-0.0748862,0.193852,0.956482,0.218089,0.293593,-0.886518,-0.357615,-0.364799,-0.883678,-0.293318,0.757743,-0.592468,-0.273511,0.975627,-0.187992,-0.113189,-0.28086,0.844914,0.455233,-0.94775,0.294807,0.1219,0.91247,0.37591,0.161523,-0.26731,0.686193,0.676524,-0.77201,-0.582009,-0.255473,0.149574,0.87812,0.454459,-0.354982,-0.769385,-0.531069,-0.944747,0.242059,0.221043,-0.967582,-0.192846,-0.163081,0.920069,0.304049,0.247036,0.140006,0.722773,0.676755,-0.721322,-0.479434,-0.499838,-0.289264,-0.637822,-0.713799,0.281252,-0.630305,-0.723611,0.73704,-0.423256,-0.526903,0.971749,-0.122522,-0.201722,-0.249839,0.494398,0.832557,0.921038,0.236936,0.309113,0.291882,0.52275,0.80096,-0.938442,0.154285,0.309068,-0.241598,0.948927,0.2029,-0.971228,-0.120069,-0.205668,0.967576,-0.0515945,-0.247255,-0.350882,-0.322025,-0.879307,0.707306,-0.225984,-0.669813,0.97441,0.0909446,0.205558,0.22339,0.95602,0.190059,-0.162744,0.958948,0.232237,-0.966499,-0.256653,-0.00292358,-0.223938,0.962953,0.150242,-0.72915,0.139489,0.669987,-0.768893,-0.21477,-0.602227,0.275867,-0.263465,-0.924383,-0.290346,0.928997,-0.229486,-0.980953,0.166894,0.0993838,-0.979036,0.100403,0.177223,-0.97365,0.0436213,0.223837,0.944659,0.303833,0.123712,0.343502,-0.938824,-0.0248088,-0.31746,-0.948125,-0.0166618,0.768224,-0.639743,-0.0236973,0.976968,-0.213095,-0.0111485,0.956353,0.291985,0.0115602,-0.920317,0.389679,-0.0341454],