{
    "animations":[],
    "materials":[{
        "opacity":1,
        "blending":"NormalBlending",
        "colorSpecular":[0.5,0.5,0.5],
        "shading":"phong",
        "transparent":false,
        "vertexColors":false,
        "specularCoef":50,
        "DbgIndex":0,
        "DbgColor":15658734,
        "DbgName":"Material.048",
        "depthWrite":true,
        "colorDiffuse":[0.64,0.289872,0.425224],
        "visible":true,
        "colorEmissive":[0,0,0],
        "wireframe":false,
        "doubleSided":false,
        "depthTest":true
    },{
        "opacity":1,
        "blending":"NormalBlending",
        "colorSpecular":[0.5,0.5,0.5],
        "shading":"phong",
        "transparent":false,
        "vertexColors":false,
        "specularCoef":50,
        "DbgIndex":1,
        "DbgColor":15597568,
        "DbgName":"Material.049",
        "depthWrite":true,
        "colorDiffuse":[0.0726712,0.049024,0.0460397],
        "visible":true,
        "colorEmissive":[0,0,0],
        "wireframe":false,
        "doubleSided":false,
        "depthTest":true
    }],
    "uvs":[],
    "skinWeights":[],
    "normals":[0.0132379,-0.897569,0.440675,0.733247,-0.630382,0.254888,-0.328166,-0.887693,0.322969,-0.292451,-0.938847,-0.181768,0.293533,-0.920307,-0.258597,0.903025,-0.326438,0.279255,0.051919,-0.353856,0.933858,-0.89758,-0.383456,0.217513,-0.482711,-0.139611,-0.86458,0.673743,-0.162467,-0.720884,0.804219,-0.138094,0.578067,-0.242056,-0.176647,0.954046,-0.982871,-0.154311,-0.100765,-0.141162,0.088626,-0.986012,0.822353,-0.102387,-0.559689,0.492199,0.672773,0.552374,-0.359243,0.832391,0.421983,-0.782674,0.568411,-0.253634,-0.178324,0.790762,-0.585573,0.751174,0.577625,0.319511,0.185102,0.890636,0.415337,0.516877,0.835831,0.185,0.505097,0.817211,-0.277567,-0.33308,0.928955,0.161554,-0.432902,0.849783,-0.300773,-0.689146,0.605418,-0.398178,-0.349849,0.917947,0.187026,-0.705287,0.703325,0.0889101,-0.666625,0.745353,0.00777676,-0.0772537,0.854412,0.513821,-0.034906,0.925429,0.37731,0.291105,0.710349,0.64083,0.181354,0.864602,0.468587,0.467473,0.630175,0.619959,0.700615,0.535828,0.471198,0.974686,0.216491,-0.0558508,0.877699,0.106938,-0.467128,0.697793,0.25922,-0.667749,-0.106204,0.325552,-0.939541,-0.240546,0.25488,-0.936576,-0.591989,0.331641,-0.73455,-0.92085,0.231289,-0.313911,-0.980323,0.116043,-0.159691,-0.951943,0.296449,0.076959,-0.490089,0.505829,0.709895,-0.153624,0.268635,0.950913,0.194512,0.41938,0.886728,0.650742,0.292865,0.700546,0.803369,0.174535,0.569329,0.844782,0.226866,0.484639,0.360066,0.106878,-0.926785,0.366003,-0.0176678,-0.930446,0.30497,-0.036896,-0.951647,-0.788728,0.136823,-0.599322,-0.757158,-0.0657623,-0.649913,-0.89752,-0.301734,-0.321582,-0.902444,0.0794476,0.423418,-0.836476,-0.265144,0.47959,-0.632844,-0.397232,0.664617,0.473935,0.159432,0.866006,0.374814,-0.20767,0.903542,0.542483,-0.332067,0.77165,0.988051,0.0682535,0.138194,0.981342,-0.19034,0.0271636,0.921235,-0.283388,-0.26649,0.638596,-0.454771,-0.620789,0.503396,-0.528827,-0.683326,0.307303,-0.447014,-0.840086,-0.210883,-0.498914,-0.840603,-0.48944,-0.808752,-0.326144,-0.779372,-0.597542,-0.188474,-0.758395,-0.608936,0.232454,-0.573479,-0.720977,0.388992,-0.474222,-0.633095,0.611804,0.805514,-0.474665,-0.354739,0.674549,-0.737367,0.0357037,0.462033,-0.886719,0.0159547,-0.111853,-0.64997,0.751683,0.110893,-0.764004,0.63561,0.417578,-0.645333,0.639667,0.0132382,-0.897569,0.440674,0.733242,-0.63039,0.25488,-0.328168,-0.887693,0.322965,-0.292452,-0.938845,-0.181771,0.293534,-0.920308,-0.258595,0.903026,-0.326442,0.279248,0.0519164,-0.353858,0.933857,-0.897578,-0.383464,0.217504,-0.482712,-0.139609,-0.86458,0.673747,-0.162469,-0.72088,0.804214,-0.138088,0.578075,-0.242054,-0.176651,0.954046,-0.982868,-0.154322,-0.100771,-0.141163,0.0886266,-0.986011,0.822363,-0.102387,-0.559675,0.492204,0.672772,0.55237,-0.359242,0.832394,0.421978,-0.782673,0.568416,-0.253627,-0.178324,0.790761,-0.585575,0.75117,0.577633,0.319505,0.185101,0.890637,0.415336,0.516875,0.835833,0.184996,0.505095,0.817214,-0.27756,-0.333088,0.928953,0.161548,-0.432908,0.84978,-0.300773,-0.689145,0.605423,-0.398174,-0.349859,0.917944,0.187023,-0.705286,0.703325,0.0889095,-0.666621,0.745357,0.00776961,-0.0772547,0.854411,0.513822,-0.0349064,0.925429,0.377311,0.2911,0.71035,0.64083,0.181353,0.864603,0.468586,0.467476,0.630171,0.61996,0.700605,0.53583,0.47121,0.974687,0.216481,-0.0558775,0.877708,0.106938,-0.467112,0.697795,0.259226,-0.667745,-0.106204,0.325553,-0.93954,-0.240547,0.254881,-0.936575,-0.591987,0.331643,-0.734551,-0.920853,0.231286,-0.313905,-0.98032,0.116052,-0.159702,-0.951941,0.296459,0.0769487,-0.49009,0.50583,0.709893,-0.153622,0.268636,0.950913,0.194509,0.419384,0.886726,0.650748,0.292864,0.700541,0.803362,0.174545,0.569336,0.844771,0.226872,0.484655,0.360064,0.106879,-0.926785,0.366001,-0.0176666,-0.930447,0.304968,-0.0368954,-0.951648,-0.788732,0.136821,-0.599319,-0.757162,-0.0657587,-0.649908,-0.897525,-0.301732,-0.32157,-0.902444,0.0794518,0.423418,-0.836474,-0.265149,0.479591,-0.632838,-0.397238,0.664618,0.473941,0.159431,0.866003,0.374818,-0.207673,0.903539,0.542478,-0.332063,0.771655,0.988055,0.0682407,0.138171,0.981343,-0.190339,0.0271465,0.921239,-0.28338,-0.266486,0.6386,-0.454771,-0.620785,0.503399,-0.528828,-0.683323,0.307301,-0.447012,-0.840087,-0.210881,-0.498917,-0.840601,-0.489432,-0.808757,-0.326141,-0.779376,-0.59754,-0.188463,-0.758399,-0.608933,0.232446,-0.573484,-0.720975,0.388987,-0.474224,-0.63309,0.611807,0.805516,-0.474664,-0.354738,0.674547,-0.737367,0.0357097,0.462033,-0.886719,0.0159585,-0.111856,-0.649969,0.751684,0.110893,-0.764005,0.63561,0.417572,-0.645337,0.639667,0.306501,-0.112001,-0.945258,0.918837,-0.109586,-0.379116,0.889167,-0.113812,0.443203,0.291467,-0.0801363,0.953218,-0.27656,0.00859651,0.960958,-0.916429,0.113917,0.383642,-0.0868773,0.995501,0.0378054,-0.137049,0.967971,0.210356,-0.308989,0.942261,0.129111,-0.21849,0.975273,-0.0332402,-0.192925,0.969825,0.14906,-0.20434,0.978775,-0.0156501,-0.858316,0.0312921,-0.512166,-0.436966,-0.068912,-0.896834,-0,-1,0,0,-1,-0,0,-1,0,0,-1,0,-0,-1,-0,-0.466346,-0.0610778,-0.882492,-0.848001,-0.0550618,-0.527126,-0.915296,-0.107901,0.38806,-0.276815,-0.0644496,0.958759,0.246743,-0.0610643,0.967155,0.858604,-0.102164,0.502356,0.918406,-0.11671,-0.378034,0.234577,-0.0980287,-0.967142,0.31366,0.112817,-0.942809,0.916423,0.130029,-0.378499,0.888337,0.117911,0.443795,0.335308,0.0763498,0.93901,-0.374627,0.00824342,0.927139,-0.921743,-0.0519986,0.384299,-0.917538,-0.00179731,-0.397644,-0.422786,0.0687152,-0.903621,0.258469,-0.0133829,-0.965927,0.924191,-0.02896,-0.380831,0.870497,-0.0211237,0.491721,0.260898,0.00802279,0.965333,-0.364502,-0.0385662,0.930404,-0.3284,-0.0403164,-0.943678,-0.891424,-0.0701991,-0.447699,-0.474035,0.00158108,-0.880504,0.228113,-0.0124522,-0.973555,0.924052,-0.0403735,-0.380129,0.86,-0.0162041,0.510037,0.236547,-0.00268646,0.971616,-0.339145,-0.0900005,0.936419,-0.901269,-0.195934,0.386424,-0.873215,-0.103342,-0.476252,-0.481163,-0.0129541,-0.876536,-0.449023,0.046032,-0.892334,-0.902372,-0.037615,-0.429314,-0.918328,-0.0857987,0.38641,-0.361634,-0.00719885,0.932292,0.302662,0.0537628,0.95158,0.876866,0.0697685,0.475645,0.921621,0.0772278,-0.38033,0.282628,0.0667211,-0.956906,-0.391549,0.0165374,-0.920009,-0.924085,0.00231715,-0.382181,-0.923872,-0.00533177,0.382663,-0.383672,0.00414747,0.92346,0.372715,0.0182267,0.927767,0.918218,0.0212058,0.395508,0.923805,0.0188383,-0.382399,0.369379,0.0204594,-0.929054,-0.404842,0.060495,-0.912383,-0.924289,0.00732588,-0.381623,-0.923751,-0.0170435,0.382613,-0.38485,0.0131701,0.922885,0.356217,0.0672992,0.931977,0.903567,0.102679,0.415962,0.918449,0.110569,-0.37977,0.344387,0.0984033,-0.933656,-0.850401,0.414185,0.324452,0.392748,0.896108,-0.206737,-0.446954,-0.86702,0.220246,0.279776,0.0708854,0.957445],