{
    "animations":[],
    "materials":[{
        "opacity":1,
        "blending":"NormalBlending",
        "colorSpecular":[0.5,0.5,0.5],
        "shading":"phong",
        "transparent":false,
        "vertexColors":false,
        "specularCoef":50,
        "DbgIndex":0,
        "DbgColor":15658734,
        "DbgName":"Material.048",
        "depthWrite":true,
        "colorDiffuse":[0.64,0.289872,0.425224],
        "visible":true,
        "colorEmissive":[0,0,0],
        "wireframe":false,
        "doubleSided":false,
        "depthTest":true
    },{
        "opacity":1,
        "blending":"NormalBlending",
        "colorSpecular":[0.5,0.5,0.5],
        "shading":"phong",
        "transparent":false,
        "vertexColors":false,
        "specularCoef":50,
        "DbgIndex":1,
        "DbgColor":15597568,
        "DbgName":"Material.049",
        "depthWrite":true,
        "colorDiffuse":[0.0726712,0.049024,0.0460397],
        "visible":true,
        "colorEmissive":[0,0,0],
        "wireframe":false,
        "doubleSided":false,
        "depthTest":true
    }],
    "uvs":[],
    "skinWeights":[],
    "normals":[0.0132398,-0.89757,0.440673,0.733241,-0.630392,0.254881,-0.328166,-0.887694,0.322966,-0.292453,-0.938845,-0.181772,0.293535,-0.920307,-0.258596,0.903027,-0.32644,0.279249,0.0519162,-0.353858,0.933857,-0.897578,-0.383466,0.217504,-0.482711,-0.139608,-0.86458,0.673748,-0.162472,-0.720879,0.804214,-0.138084,0.578076,-0.242058,-0.176649,0.954046,-0.982868,-0.154321,-0.100771,-0.141167,0.0886258,-0.986011,0.82236,-0.102391,-0.559678,0.492205,0.672773,0.552368,-0.35924,0.832395,0.421978,-0.782673,0.568415,-0.253626,-0.178321,0.790764,-0.585571,0.75117,0.577633,0.319507,0.185103,0.890635,0.415338,0.516875,0.835833,0.184997,0.505094,0.817216,-0.277557,-0.333087,0.928953,0.16155,-0.432906,0.849781,-0.300772,-0.689144,0.605424,-0.398173,-0.349858,0.917944,0.187024,-0.705286,0.703325,0.0889117,-0.666619,0.745358,0.0077692,-0.0772527,0.85441,0.513824,-0.0349043,0.925429,0.37731,0.291101,0.710352,0.640828,0.181355,0.864602,0.468587,0.467476,0.630171,0.61996,0.700605,0.53583,0.471211,0.974686,0.216483,-0.0558751,0.877707,0.10694,-0.467112,0.697796,0.259227,-0.667744,-0.1062,0.325555,-0.93954,-0.24055,0.254879,-0.936575,-0.591986,0.331641,-0.734552,-0.920853,0.231286,-0.313904,-0.98032,0.116053,-0.159702,-0.95194,0.29646,0.076948,-0.490088,0.505824,0.709898,-0.153627,0.268633,0.950913,0.194509,0.419384,0.886726,0.65075,0.292861,0.70054,0.803362,0.174545,0.569337,0.844771,0.226872,0.484656,0.360067,0.106882,-0.926784,0.366004,-0.0176717,-0.930446,0.304975,-0.0368995,-0.951645,-0.788732,0.136818,-0.599319,-0.757163,-0.0657581,-0.649908,-0.897524,-0.301731,-0.321572,-0.902442,0.0794496,0.423422,-0.836472,-0.265148,0.479594,-0.632839,-0.397235,0.66462,0.473945,0.159427,0.866002,0.374825,-0.20767,0.903537,0.542478,-0.332057,0.771658,0.988054,0.0682417,0.138174,0.981343,-0.19034,0.0271483,0.921237,-0.283383,-0.266487,0.6386,-0.454771,-0.620785,0.5034,-0.528827,-0.683323,0.307306,-0.447013,-0.840085,-0.210877,-0.498919,-0.840601,-0.489432,-0.808758,-0.326141,-0.779375,-0.597542,-0.188464,-0.7584,-0.608932,0.232446,-0.573483,-0.720976,0.388988,-0.474222,-0.633091,0.611808,0.805516,-0.474663,-0.354737,0.674547,-0.737368,0.0357118,0.462033,-0.886719,0.0159602,-0.111856,-0.649968,0.751684,0.110896,-0.764005,0.635609,0.417569,-0.64534,0.639666,0.0132381,-0.897569,0.440674,0.733242,-0.63039,0.254881,-0.328169,-0.887693,0.322966,-0.292453,-0.938845,-0.181771,0.293533,-0.920308,-0.258595,0.903026,-0.326441,0.279249,0.0519174,-0.353859,0.933857,-0.897578,-0.383464,0.217505,-0.482712,-0.139609,-0.86458,0.673747,-0.162469,-0.720881,0.804214,-0.138089,0.578075,-0.242055,-0.176651,0.954046,-0.982868,-0.154321,-0.100771,-0.141163,0.0886264,-0.986011,0.822362,-0.102387,-0.559676,0.492204,0.672772,0.55237,-0.359241,0.832395,0.421978,-0.782673,0.568414,-0.253629,-0.178323,0.790761,-0.585575,0.75117,0.577632,0.319506,0.185101,0.890636,0.415336,0.516875,0.835833,0.184996,0.505094,0.817215,-0.27756,-0.333087,0.928954,0.16155,-0.432907,0.84978,-0.300774,-0.689145,0.605422,-0.398175,-0.349857,0.917944,0.187024,-0.705286,0.703325,0.0889119,-0.666619,0.745358,0.007769,-0.0772542,0.854411,0.513822,-0.0349061,0.925429,0.37731,0.291101,0.71035,0.64083,0.181353,0.864603,0.468586,0.467476,0.630171,0.61996,0.700606,0.535829,0.471209,0.974686,0.216482,-0.0558741,0.877707,0.106937,-0.467113,0.697794,0.259226,-0.667747,-0.106203,0.325553,-0.939541,-0.240547,0.25488,-0.936575,-0.591987,0.331642,-0.734551,-0.920852,0.231287,-0.313906,-0.98032,0.116052,-0.159701,-0.951941,0.296458,0.0769484,-0.49009,0.505829,0.709893,-0.153623,0.268635,0.950913,0.19451,0.419385,0.886725,0.650747,0.292864,0.700542,0.803363,0.174544,0.569335,0.844772,0.226872,0.484654,0.360063,0.10688,-0.926785,0.366,-0.0176664,-0.930447,0.304967,-0.0368954,-0.951648,-0.788731,0.136821,-0.59932,-0.757161,-0.0657588,-0.64991,-0.897524,-0.301732,-0.321572,-0.902443,0.0794509,0.423419,-0.836474,-0.265148,0.479592,-0.632838,-0.397237,0.664619,0.473942,0.159432,0.866003,0.374818,-0.207675,0.903539,0.542477,-0.332065,0.771655,0.988054,0.0682427,0.138173,0.981343,-0.190339,0.0271481,0.921239,-0.28338,-0.266486,0.638599,-0.454771,-0.620785,0.503398,-0.528828,-0.683324,0.307299,-0.447012,-0.840088,-0.210882,-0.498916,-0.840602,-0.489433,-0.808757,-0.32614,-0.779374,-0.597542,-0.188464,-0.758398,-0.608934,0.232447,-0.573483,-0.720976,0.388987,-0.474222,-0.633091,0.611808,0.805516,-0.474664,-0.354738,0.674547,-0.737368,0.0357111,0.462033,-0.886719,0.0159595,-0.111855,-0.649969,0.751684,0.110894,-0.764004,0.63561,0.417572,-0.645337,0.639667,0.306502,-0.111999,-0.945258,0.918838,-0.109582,-0.379116,0.889165,-0.11381,0.443207,0.291464,-0.0801359,0.953219,-0.276559,0.00859547,0.960959,-0.916426,0.113918,0.383649,-0.086877,0.995501,0.0378055,-0.137049,0.967971,0.210356,-0.308991,0.94226,0.129114,-0.21849,0.975273,-0.0332408,-0.192926,0.969825,0.149061,-0.20434,0.978775,-0.0156505,-0.858319,0.0312963,-0.51216,-0.436966,-0.06891,-0.896834,-0,-1,0,0,-1,-0,0,-1,0,-0,-1,-0,-0.466341,-0.0610833,-0.882493,-0.848002,-0.0550633,-0.527125,-0.915295,-0.107893,0.388065,-0.276812,-0.0644482,0.958761,0.246741,-0.0610638,0.967156,0.858602,-0.102169,0.502358,0.918407,-0.116715,-0.37803,0.23458,-0.0980309,-0.967141,0.31366,0.112821,-0.942809,0.916423,0.130034,-0.378498,0.888336,0.117913,0.443797,0.335305,0.0763483,0.939011,-0.374626,0.00824225,0.927139,-0.921747,-0.0519978,0.38429,-0.917539,-0.00179482,-0.397642,-0.422783,0.06872,-0.903621,0.258468,-0.0133809,-0.965927,0.924191,-0.0289671,-0.380832,0.870498,-0.0211256,0.491718,0.260895,0.00802589,0.965334,-0.364499,-0.0385639,0.930405,-0.3284,-0.0403188,-0.943678,-0.891425,-0.0701991,-0.447699,-0.474037,0.00157834,-0.880504,0.228112,-0.0124533,-0.973555,0.924052,-0.0403685,-0.380129,0.859998,-0.0161953,0.51004,0.236545,-0.00268611,0.971617,-0.33914,-0.0899981,0.936421,-0.901271,-0.195942,0.386417,-0.873215,-0.10335,-0.47625,-0.481161,-0.0129517,-0.876537,-0.449023,0.0460294,-0.892334,-0.902369,-0.0376145,-0.429319,-0.918332,-0.085801,0.386399,-0.361632,-0.00720046,0.932293,0.302658,0.0537595,0.951582,0.876868,0.0697662,0.475641,0.921621,0.0772293,-0.380329,0.282628,0.0667207,-0.956906,-0.391546,0.0165374,-0.92001,-0.924083,0.00231807,-0.382186,-0.923871,-0.00533096,0.382668,-0.383672,0.00414678,0.92346,0.372718,0.0182264,0.927765,0.918216,0.0212058,0.395511,0.923803,0.0188397,-0.382404,0.369381,0.0204596,-0.929053,-0.404842,0.0604928,-0.912383,-0.92429,0.00732631,-0.381622,-0.923752,-0.0170446,0.382613,-0.384848,0.0131708,0.922886,0.356216,0.0673015,0.931977,0.903566,0.102678,0.415963,0.918449,0.110566,-0.379771,0.344389,0.0984001,-0.933656,-0.8504,0.414185,0.324454,0.39275,0.896108,-0.206732,-0.446955,-0.86702,0.220244,0.279779,0.0708922,0.957443],