{
    "influencesPerVertex":2,
    "skinIndices":[],
    "metadata":{
        "uvs":0,
        "bones":0,
        "materials":2,
        "faces":240,
        "vertices":160,
        "type":"Geometry",
        "colors":0,
        "version":3,
        "generator":"io_three",
        "normals":238
    },
    "colors":[],
    "bones":[],
    "materials":[{
        "doubleSided":false,
        "depthTest":true,
        "colorDiffuse":[0.64,0.289872,0.425224],
        "shading":"phong",
        "depthWrite":true,
        "specularCoef":50,
        "colorSpecular":[0.5,0.5,0.5],
        "colorEmissive":[0,0,0],
        "opacity":1,
        "wireframe":false,
        "blending":"NormalBlending",
        "DbgColor":15658734,
        "visible":true,
        "DbgIndex":0,
        "DbgName":"Material.048",
        "transparent":false,
        "vertexColors":false
    },{
        "doubleSided":false,
        "depthTest":true,
        "colorDiffuse":[0.0726712,0.049024,0.0460397],
        "shading":"phong",
        "depthWrite":true,
        "specularCoef":50,
        "colorSpecular":[0.5,0.5,0.5],
        "colorEmissive":[0,0,0],
        "opacity":1,
        "wireframe":false,
        "blending":"NormalBlending",
        "DbgColor":15597568,
        "visible":true,
        "DbgIndex":1,
        "DbgName":"Material.049",
        "transparent":false,
        "vertexColors":false
    }],
    "animations":[],
    "faces":[34,0,13,12,0,0,0,0,34,1,13,15,0,1,1,1,34,0,12,17,0,2,2,2,34,0,17,19,0,3,3,3,34,0,19,16,0,4,4,4,34,1,15,22,0,5,5,5,34,2,14,24,0,6,6,6,34,3,18,26,0,7,7,7,34,4,20,28,0,8,8,8,34,5,21,30,0,9,9,9,34,1,22,25,0,10,10,10,34,2,24,27,0,11,11,11,34,3,26,29,0,12,12,12,34,4,28,31,0,13,13,13,34,5,30,23,0,14,14,14,34,6,32,37,0,15,15,15,34,7,33,39,0,16,16,16,34,8,34,40,0,17,17,17,34,9,35,41,0,18,18,18,34,10,36,38,0,19,19,19,34,38,41,11,0,20,20,20,34,38,36,41,0,21,21,21,34,36,9,41,0,22,22,22,34,41,40,11,0,23,23,23,34,41,35,40,0,24,24,24,34,35,8,40,0,25,25,25,34,40,39,11,0,26,26,26,34,40,34,39,0,27,27,27,34,34,7,39,0,28,28,28,34,39,37,11,0,29,29,29,34,39,33,37,0,30,30,30,34,33,6,37,0,31,31,31,34,37,38,11,0,32,32,32,34,37,32,38,0,33,33,33,34,32,10,38,0,34,34,34,34,23,36,10,0,35,35,35,34,23,30,36,0,36,36,36,34,30,9,36,0,37,37,37,34,31,35,9,0,38,38,38,34,31,28,35,0,39,39,39,34,28,8,35,0,40,40,40,34,29,34,8,0,41,41,41,34,29,26,34,0,42,42,42,34,26,7,34,0,43,43,43,34,27,33,7,0,44,44,44,34,27,24,33,0,45,45,45,34,24,6,33,0,46,46,46,34,25,32,6,0,47,47,47,34,25,22,32,0,48,48,48,34,22,10,32,0,49,49,49,34,30,31,9,0,50,50,50,34,30,21,31,0,51,51,51,34,21,4,31,0,52,52,52,34,28,29,8,0,53,53,53,34,28,20,29,0,54,54,54,34,20,3,29,0,55,55,55,34,26,27,7,0,56,56,56,34,26,18,27,0,57,57,57,34,18,2,27,0,58,58,58,34,24,25,6,0,59,59,59,34,24,14,25,0,60,60,60,34,14,1,25,0,61,61,61,34,22,23,10,0,62,62,62,34,22,15,23,0,63,63,63,34,15,5,23,0,64,64,64,34,16,21,5,0,65,65,65,34,16,19,21,0,66,66,66,34,19,4,21,0,67,67,67,34,19,20,4,0,68,68,68,34,19,17,20,0,69,69,69,34,17,3,20,0,70,70,70,34,17,18,3,0,71,71,71,34,17,12,18,0,72,72,72,34,12,2,18,0,73,73,73,34,15,16,5,0,74,74,74,34,15,13,16,0,75,75,75,34,13,0,16,0,76,76,76,34,12,14,2,0,77,77,77,34,12,13,14,0,78,78,78,34,13,1,14,0,79,79,79,34,42,55,54,0,80,80,80,34,43,55,57,0,81,81,81,34,42,54,59,0,82,82,82,34,42,59,61,0,83,83,83,34,42,61,58,0,84,84,84,34,43,57,64,0,85,85,85,34,44,56,66,0,86,86,86,34,45,60,68,0,87,87,87,34,46,62,70,0,88,88,88,34,47,63,72,0,89,89,89,34,43,64,67,0,90,90,90,34,44,66,69,0,91,91,91,34,45,68,71,0,92,92,92,34,46,70,73,0,93,93,93,34,47,72,65,0,94,94,94,34,48,74,79,0,95,95,95,34,49,75,81,0,96,96,96,34,50,76,82,0,97,97,97,34,51,77,83,0,98,98,98,34,52,78,80,0,99,99,99,34,80,83,53,0,100,100,100,34,80,78,83,0,101,101,101,34,78,51,83,0,102,102,102,34,83,82,53,0,103,103,103,34,83,77,82,0,104,104,104,34,77,50,82,0,105,105,105,34,82,81,53,0,106,106,106,34,82,76,81,0,107,107,107,34,76,49,81,0,108,108,108,34,81,79,53,0,109,109,109,34,81,75,79,0,110,110,110,34,75,48,79,0,111,111,111,34,79,80,53,0,112,112,112,34,79,74,80,0,113,113,113,34,74,52,80,0,114,114,114,34,65,78,52,0,115,115,115,34,65,72,78,0,116,116,116,34,72,51,78,0,117,117,117,34,73,77,51,0,118,118,118,34,73,70,77,0,119,119,119,34,70,50,77,0,120,120,120,34,71,76,50,0,121,121,121,34,71,68,76,0,122,122,122,34,68,49,76,0,123,123,123,34,69,75,49,0,124,124,124,34,69,66,75,0,125,125,125,34,66,48,75,0,126,126,126,34,67,74,48,0,127,127,127,34,67,64,74,0,128,128,128,34,64,52,74,0,129,129,129,34,72,73,51,0,130,130,130,34,72,63,73,0,131,131,131,34,63,46,73,0,132,132,132,34,70,71,50,0,133,133,133,34,70,62,71,0,134,134,134,34,62,45,71,0,135,135,135,34,68,69,49,0,136,136,136,34,68,60,69,0,137,137,137,34,60,44,69,0,138,138,138,34,66,67,48,0,139,139,139,34,66,56,67,0,140,140,140,34,56,43,67,0,141,141,141,34,64,65,52,0,142,142,142,34,64,57,65,0,143,143,143,34,57,47,65,0,144,144,144,34,58,63,47,0,145,145,145,34,58,61,63,0,146,146,146,34,61,46,63,0,147,147,147,34,61,62,46,0,148,148,148,34,61,59,62,0,149,149,149,34,59,45,62,0,150,150,150,34,59,60,45,0,151,151,151,34,59,54,60,0,152,152,152,34,54,44,60,0,153,153,153,34,57,58,47,0,154,154,154,34,57,55,58,0,155,155,155,34,55,42,58,0,156,156,156,34,54,56,44,0,157,157,157,34,54,55,56,0,158,158,158,34,55,43,56,0,159,159,159,35,100,85,87,101,1,160,160,160,160,35,101,87,89,102,1,161,161,161,161,35,102,89,91,103,1,162,162,162,162,35,103,91,93,104,1,163,163,163,163,35,104,93,95,105,1,164,164,164,164,35,105,95,97,106,1,165,165,165,165,34,89,87,85,1,166,166,166,34,85,99,97,1,167,167,167,34,97,95,93,1,168,168,168,34,93,91,89,1,169,169,169,34,89,85,97,1,170,170,170,34,97,93,89,1,171,171,171,35,106,97,99,107,1,172,172,172,172,35,107,99,85,100,1,173,173,173,173,34,98,84,86,1,174,174,174,34,86,88,90,1,175,175,175,34,90,92,94,1,176,176,176,34,94,96,98,1,176,176,176,34,98,86,90,1,177,177,177,34,90,94,98,1,176,176,176,35,131,107,100,124,1,178,178,178,178,35,130,106,107,131,1,179,179,179,179,35,129,105,106,130,1,180,180,180,180,35,128,104,105,129,1,181,181,181,181,35,127,103,104,128,1,182,182,182,182,35,126,102,103,127,1,183,183,183,183,35,125,101,102,126,1,184,184,184,184,35,124,100,101,125,1,185,185,185,185,35,148,115,108,149,1,186,186,186,186,35,149,108,109,150,1,187,187,187,187,35,150,109,110,151,1,188,188,188,188,35,151,110,111,152,1,189,189,189,189,35,152,111,112,153,1,190,190,190,190,35,153,112,113,154,1,191,191,191,191,35,154,113,114,155,1,192,192,192,192,35,155,114,115,148,1,193,193,193,193,35,139,116,117,132,1,194,194,194,194,35,132,117,118,133,1,195,195,195,195,35,133,118,119,134,1,196,196,196,196,35,134,119,120,135,1,197,197,197,197,35,135,120,121,136,1,198,198,198,198,35,122,137,159,157,1,199,199,199,199,35,137,122,123,138,1,200,200,200,200,35,138,123,116,139,1,201,201,201,201,35,116,124,125,117,1,202,202,202,202,35,117,125,126,118,1,203,203,203,203,35,118,126,127,119,1,204,204,204,204,35,119,127,128,120,1,205,205,205,205,35,120,128,129,121,1,206,206,206,206,35,121,129,130,122,1,207,207,207,207,35,122,130,131,123,1,208,208,208,208,35,123,131,124,116,1,209,209,209,209,35,114,138,139,115,1,210,210,210,210,35,113,137,138,114,1,211,211,211,211,35,112,136,137,113,1,212,212,212,212,35,111,135,136,112,1,213,213,213,213,35,110,134,135,111,1,214,214,214,214,35,109,133,134,110,1,215,215,215,215,35,108,132,133,109,1,216,216,216,216,35,115,139,132,108,1,217,217,217,217,35,98,146,147,84,1,218,218,218,218,35,96,145,146,98,1,219,219,219,219,35,94,144,145,96,1,220,220,220,220,35,92,143,144,94,1,221,221,221,221,35,90,142,143,92,1,222,222,222,222,35,88,141,142,90,1,223,223,223,223,35,86,140,141,88,1,224,224,224,224,35,84,147,140,86,1,225,225,225,225,35,146,155,148,147,1,226,226,226,226,35,145,154,155,146,1,227,227,227,227,35,144,153,154,145,1,228,228,228,228,35,143,152,153,144,1,229,229,229,229,35,142,151,152,143,1,230,230,230,230,35,141,150,151,142,1,231,231,231,231,35,140,149,150,141,1,232,232,232,232,35,147,148,149,140,1,233,233,233,233,35,158,156,157,159,1,234,234,234,234,35,121,122,157,156,1,235,235,235,235,35,137,136,158,159,1,236,236,236,236,35,136,121,156,158,1,237,237,