{
    "animations":[],
    "materials":[{
        "opacity":1,
        "blending":"NormalBlending",
        "colorSpecular":[0.5,0.5,0.5],
        "shading":"phong",
        "transparent":false,
        "vertexColors":false,
        "specularCoef":50,
        "DbgIndex":0,
        "DbgColor":15658734,
        "DbgName":"Material.048",
        "depthWrite":true,
        "colorDiffuse":[0.64,0.289872,0.425224],
        "visible":true,
        "colorEmissive":[0,0,0],
        "wireframe":false,
        "doubleSided":false,
        "depthTest":true
    },{
        "opacity":1,
        "blending":"NormalBlending",
        "colorSpecular":[0.5,0.5,0.5],
        "shading":"phong",
        "transparent":false,
        "vertexColors":false,
        "specularCoef":50,
        "DbgIndex":1,
        "DbgColor":15597568,
        "DbgName":"Material.049",
        "depthWrite":true,
        "colorDiffuse":[0.0726712,0.049024,0.0460397],
        "visible":true,
        "colorEmissive":[0,0,0],
        "wireframe":false,
        "doubleSided":false,
        "depthTest":true
    }],
    "uvs":[],
    "skinWeights":[],
    "normals":[0.0132361,-0.897569,0.440676,0.733244,-0.630389,0.25488,-0.328172,-0.887691,0.322966,-0.292452,-0.938846,-0.181771,0.293534,-0.920308,-0.258594,0.903026,-0.326444,0.279246,0.0519156,-0.353858,0.933857,-0.897579,-0.383462,0.217505,-0.482714,-0.139607,-0.864579,0.673748,-0.162467,-0.72088,0.804212,-0.13809,0.578078,-0.242057,-0.176648,0.954046,-0.982869,-0.154321,-0.10077,-0.141167,0.0886262,-0.986011,0.822364,-0.102385,-0.559674,0.492205,0.672773,0.552368,-0.359241,0.832396,0.421975,-0.782674,0.568414,-0.253629,-0.178321,0.790759,-0.585578,0.751169,0.577633,0.319509,0.185098,0.890637,0.415336,0.516872,0.835835,0.184997,0.505095,0.817214,-0.277563,-0.333085,0.928954,0.161552,-0.432908,0.84978,-0.300774,-0.689145,0.605422,-0.398175,-0.349856,0.917944,0.187027,-0.705285,0.703326,0.0889145,-0.666618,0.745359,0.00776895,-0.0772569,0.854412,0.51382,-0.0349075,0.92543,0.377307,0.291102,0.710352,0.640828,0.18135,0.864605,0.468584,0.467477,0.630171,0.61996,0.700604,0.53583,0.471211,0.974687,0.216479,-0.0558756,0.877708,0.106937,-0.467111,0.697793,0.259227,-0.667747,-0.1062,0.325554,-0.93954,-0.24055,0.254879,-0.936575,-0.591986,0.33164,-0.734553,-0.920853,0.231285,-0.313907,-0.980321,0.116049,-0.159701,-0.951942,0.296454,0.0769494,-0.490092,0.505829,0.709892,-0.153626,0.268634,0.950913,0.19451,0.419384,0.886726,0.650751,0.292861,0.70054,0.80336,0.174546,0.569338,0.84477,0.226874,0.484657,0.360067,0.106882,-0.926784,0.366004,-0.0176648,-0.930446,0.304962,-0.0368963,-0.951649,-0.78873,0.136817,-0.599321,-0.757162,-0.0657569,-0.649909,-0.897524,-0.301731,-0.321572,-0.902445,0.0794477,0.423417,-0.836475,-0.265148,0.479589,-0.632843,-0.397237,0.664615,0.473946,0.159428,0.866001,0.374826,-0.207669,0.903537,0.542485,-0.332059,0.771652,0.988055,0.0682417,0.138168,0.981343,-0.19034,0.0271432,0.921239,-0.283379,-0.266486,0.6386,-0.454771,-0.620784,0.503399,-0.528828,-0.683323,0.307296,-0.447009,-0.840091,-0.210883,-0.498913,-0.840603,-0.489433,-0.808756,-0.326142,-0.779376,-0.59754,-0.188465,-0.758398,-0.608934,0.232447,-0.573483,-0.720976,0.388987,-0.474224,-0.633094,0.611804,0.805516,-0.474663,-0.354738,0.674548,-0.737367,0.0357091,0.462034,-0.886719,0.015958,-0.111859,-0.649973,0.75168,0.110888,-0.764007,0.635608,0.417577,-0.645336,0.639665,0.0132388,-0.89757,0.440674,0.733241,-0.630391,0.254881,-0.328169,-0.887693,0.322965,-0.292453,-0.938845,-0.181771,0.293533,-0.920308,-0.258596,0.903026,-0.326441,0.279248,0.0519158,-0.353858,0.933857,-0.897578,-0.383464,0.217506,-0.482713,-0.13961,-0.864579,0.673747,-0.162469,-0.72088,0.804214,-0.138088,0.578076,-0.242054,-0.176652,0.954046,-0.982868,-0.154321,-0.100771,-0.141163,0.0886263,-0.986011,0.822363,-0.102387,-0.559676,0.492205,0.672772,0.55237,-0.35924,0.832395,0.421978,-0.782674,0.568413,-0.253629,-0.178324,0.790761,-0.585575,0.75117,0.577632,0.319506,0.185101,0.890637,0.415336,0.516874,0.835833,0.184996,0.505095,0.817215,-0.27756,-0.333087,0.928954,0.16155,-0.432907,0.84978,-0.300774,-0.689145,0.605421,-0.398176,-0.349858,0.917944,0.187024,-0.705286,0.703325,0.0889119,-0.666619,0.745358,0.00776857,-0.077255,0.854411,0.513822,-0.0349066,0.925429,0.377311,0.2911,0.71035,0.64083,0.181353,0.864603,0.468586,0.467477,0.630171,0.61996,0.700606,0.535829,0.47121,0.974687,0.216481,-0.0558746,0.877707,0.106937,-0.467113,0.697795,0.259225,-0.667746,-0.106205,0.325553,-0.93954,-0.240548,0.254881,-0.936575,-0.591988,0.331643,-0.73455,-0.920852,0.231288,-0.313906,-0.98032,0.116053,-0.159701,-0.951941,0.296458,0.0769479,-0.490088,0.50583,0.709894,-0.153621,0.268636,0.950913,0.194508,0.419384,0.886726,0.650748,0.292863,0.700541,0.803362,0.174545,0.569336,0.844772,0.226872,0.484655,0.360065,0.106879,-0.926785,0.366002,-0.0176672,-0.930447,0.304969,-0.036896,-0.951647,-0.788731,0.136822,-0.599319,-0.757162,-0.0657595,-0.649909,-0.897524,-0.301732,-0.321572,-0.902444,0.0794503,0.423418,-0.836474,-0.265149,0.479591,-0.632837,-0.397239,0.664619,0.473942,0.15943,0.866003,0.374819,-0.207673,0.903539,0.542478,-0.332063,0.771656,0.988054,0.0682422,0.138173,0.981343,-0.190339,0.027148,0.921239,-0.28338,-0.266486,0.6386,-0.45477,-0.620785,0.503397,-0.528828,-0.683325,0.307301,-0.447013,-0.840087,-0.210883,-0.498917,-0.840601,-0.489433,-0.808756,-0.326141,-0.779375,-0.597542,-0.188464,-0.758398,-0.608934,0.232448,-0.573484,-0.720976,0.388986,-0.474223,-0.63309,0.611808,0.805516,-0.474663,-0.354737,0.674547,-0.737368,0.0357111,0.462033,-0.886719,0.0159595,-0.111856,-0.649968,0.751685,0.110895,-0.764004,0.63561,0.417571,-0.645338,0.639667,0.306499,-0.112,-0.945259,0.918838,-0.109582,-0.379116,0.889165,-0.11381,0.443207,0.29147,-0.0801368,0.953217,-0.276562,0.00859803,0.960958,-0.916426,0.11392,0.383648,-0.086877,0.995501,0.0378055,-0.137046,0.967971,0.21036,-0.308993,0.94226,0.129114,-0.21849,0.975273,-0.0332401,-0.192926,0.969825,0.149061,-0.20434,0.978775,-0.0156505,-0.858319,0.0312957,-0.512162,-0.436968,-0.0689112,-0.896833,-0,-1,0,0,-1,-0,0,-1,0,-0,-1,-0,0,-1,0,-0.466344,-0.0610801,-0.882492,-0.848001,-0.0550618,-0.527127,-0.915295,-0.107896,0.388064,-0.276815,-0.0644517,0.958759,0.246747,-0.0610643,0.967154,0.858601,-0.102168,0.50236,0.918407,-0.116715,-0.378028,0.234576,-0.0980279,-0.967143,0.313664,0.112819,-0.942808,0.916422,0.130033,-0.3785,0.888336,0.117914,0.443796,0.335309,0.0763513,0.939009,-0.374626,0.00824228,0.927139,-0.921748,-0.0519986,0.384286,-0.917539,-0.00179339,-0.397642,-0.422787,0.0687171,-0.90362,0.258464,-0.0133842,-0.965928,0.92419,-0.0289688,-0.380834,0.870498,-0.0211256,0.491718,0.260898,0.00802271,0.965333,-0.3645,-0.038571,0.930404,-0.328397,-0.0403137,-0.943679,-0.891424,-0.0701976,-0.447701,-0.474037,0.00157878,-0.880504,0.228108,-0.0124566,-0.973556,0.924053,-0.0403676,-0.380128,0.859997,-0.016197,0.510042,0.236552,-0.0026857,0.971615,-0.339144,-0.0899951,0.93642,-0.90127,-0.195939,0.386419,-0.873213,-0.103352,-0.476254,-0.481164,-0.0129558,-0.876535,-0.449025,0.0460321,-0.892333,-0.90237,-0.0376162,-0.429317,-0.918332,-0.0858013,0.3864,-0.361631,-0.00719426,0.932294,0.302662,0.0537629,0.95158,0.876868,0.0697661,0.475641,0.92162,0.07723,-0.380332,0.282632,0.0667239,-0.956905,-0.391546,0.0165375,-0.92001,-0.924083,0.00231755,-0.382183,-0.92387,-0.00533048,0.382669,-0.383669,0.00414819,0.923462,0.372715,0.0182274,0.927767,0.918217,0.0212067,0.39551,0.923803,0.0188391,-0.382405,0.369384,0.0204609,-0.929052,-0.404839,0.0604951,-0.912385,-0.92429,0.00732602,-0.381621,-0.923752,-0.0170448,0.382612,-0.384848,0.0131664,0.922886,0.356216,0.0672972,0.931977,0.903567,0.102678,0.415961,0.918448,0.110566,-0.379773,0.344389,0.0983999,-0.933656,-0.850402,0.414181,0.324454,0.39275,0.896108,-0.206731,-0.446954,-0.86702,0.220247,0.279774,0.0708825,0.957446],