{
    "animations":[],
    "materials":[{
        "opacity":1,
        "blending":"NormalBlending",
        "colorSpecular":[0.5,0.5,0.5],
        "shading":"phong",
        "transparent":false,
        "vertexColors":false,
        "specularCoef":50,
        "DbgIndex":0,
        "DbgColor":15658734,
        "DbgName":"Material.048",
        "depthWrite":true,
        "colorDiffuse":[0.64,0.289872,0.425224],
        "visible":true,
        "colorEmissive":[0,0,0],
        "wireframe":false,
        "doubleSided":false,
        "depthTest":true
    },{
        "opacity":1,
        "blending":"NormalBlending",
        "colorSpecular":[0.5,0.5,0.5],
        "shading":"phong",
        "transparent":false,
        "vertexColors":false,
        "specularCoef":50,
        "DbgIndex":1,
        "DbgColor":15597568,
        "DbgName":"Material.049",
        "depthWrite":true,
        "colorDiffuse":[0.0726712,0.049024,0.0460397],
        "visible":true,
        "colorEmissive":[0,0,0],
        "wireframe":false,
        "doubleSided":false,
        "depthTest":true
    }],
    "uvs":[],
    "skinWeights":[],
    "normals":[0.0132383,-0.89757,0.440673,0.733247,-0.630382,0.254888,-0.328164,-0.887694,0.322968,-0.292452,-0.938846,-0.181769,0.293535,-0.920307,-0.258599,0.903026,-0.326436,0.279256,0.0519152,-0.353857,0.933857,-0.89758,-0.383456,0.217511,-0.482713,-0.139609,-0.86458,0.673742,-0.162469,-0.720885,0.804219,-0.13809,0.578068,-0.242061,-0.176648,0.954045,-0.982871,-0.15431,-0.100765,-0.141167,0.0886256,-0.986011,0.822352,-0.102389,-0.559691,0.4922,0.672774,0.552371,-0.359239,0.832393,0.421983,-0.782674,0.568411,-0.253633,-0.178321,0.790766,-0.585568,0.751173,0.577625,0.319512,0.185105,0.890635,0.415338,0.516878,0.83583,0.185001,0.505096,0.817212,-0.277565,-0.333081,0.928955,0.161553,-0.4329,0.849785,-0.300772,-0.689146,0.60542,-0.398177,-0.34985,0.917947,0.187026,-0.705287,0.703324,0.0889105,-0.666624,0.745353,0.0077757,-0.0772524,0.85441,0.513824,-0.0349048,0.925429,0.377311,0.291103,0.710352,0.640827,0.181358,0.8646,0.468589,0.467473,0.630175,0.619959,0.700615,0.535828,0.471198,0.974686,0.216492,-0.0558509,0.877699,0.106938,-0.467129,0.697793,0.25922,-0.667749,-0.1062,0.325554,-0.93954,-0.24055,0.254878,-0.936575,-0.591987,0.331638,-0.734552,-0.920851,0.231288,-0.31391,-0.980323,0.116042,-0.15969,-0.951943,0.296449,0.0769581,-0.490085,0.505825,0.7099,-0.153629,0.268635,0.950912,0.19451,0.419381,0.886727,0.650745,0.292861,0.700545,0.803368,0.174534,0.56933,0.844782,0.226867,0.484639,0.36007,0.10688,-0.926783,0.366007,-0.0176732,-0.930444,0.304979,-0.0369003,-0.951644,-0.788728,0.13682,-0.599323,-0.757159,-0.065761,-0.649913,-0.89752,-0.301732,-0.321583,-0.902443,0.0794445,0.423421,-0.836475,-0.265143,0.479592,-0.632844,-0.39723,0.664618,0.47394,0.159427,0.866005,0.374822,-0.207666,0.903539,0.542485,-0.33206,0.771652,0.988051,0.0682535,0.138194,0.981342,-0.19034,0.0271638,0.921235,-0.283389,-0.26649,0.638594,-0.454772,-0.62079,0.503398,-0.528826,-0.683325,0.307311,-0.447016,-0.840081,-0.21088,-0.498918,-0.840601,-0.489438,-0.808753,-0.326143,-0.779371,-0.597544,-0.188474,-0.758396,-0.608934,0.232452,-0.573479,-0.720977,0.388992,-0.474221,-0.633094,0.611806,0.805514,-0.474666,-0.354739,0.674549,-0.737366,0.0357031,0.462032,-0.886719,0.0159537,-0.111856,-0.649969,0.751684,0.110894,-0.764006,0.635608,0.417578,-0.645335,0.639665,0.013238,-0.897569,0.440674,0.733242,-0.63039,0.254881,-0.328168,-0.887693,0.322965,-0.292452,-0.938845,-0.181771,0.293534,-0.920308,-0.258595,0.903026,-0.326442,0.279248,0.0519173,-0.353859,0.933857,-0.897578,-0.383464,0.217504,-0.482711,-0.139609,-0.864581,0.673747,-0.162469,-0.720881,0.804214,-0.138089,0.578075,-0.242055,-0.176651,0.954046,-0.982868,-0.154322,-0.100771,-0.141163,0.0886263,-0.986011,0.822363,-0.102386,-0.559675,0.492204,0.672772,0.55237,-0.359242,0.832394,0.421978,-0.782673,0.568416,-0.253627,-0.178323,0.790761,-0.585575,0.751171,0.577633,0.319505,0.1851,0.890636,0.415337,0.516875,0.835833,0.184995,0.505095,0.817215,-0.27756,-0.333088,0.928954,0.161549,-0.432908,0.84978,-0.300773,-0.689144,0.605424,-0.398173,-0.349858,0.917944,0.187023,-0.705286,0.703325,0.0889095,-0.666621,0.745357,0.00776961,-0.0772541,0.854411,0.513822,-0.0349061,0.925429,0.377311,0.291101,0.71035,0.64083,0.181352,0.864603,0.468586,0.467476,0.630171,0.61996,0.700606,0.535829,0.47121,0.974687,0.216481,-0.0558776,0.877707,0.106937,-0.467113,0.697794,0.259226,-0.667746,-0.106203,0.325553,-0.939541,-0.240547,0.25488,-0.936575,-0.591986,0.331642,-0.734551,-0.920853,0.231286,-0.313905,-0.98032,0.116052,-0.159702,-0.951941,0.296459,0.0769487,-0.49009,0.50583,0.709893,-0.153623,0.268635,0.950913,0.19451,0.419385,0.886726,0.650748,0.292864,0.700541,0.803362,0.174545,0.569336,0.844771,0.226872,0.484655,0.360063,0.10688,-0.926785,0.366,-0.0176666,-0.930447,0.304967,-0.0368955,-0.951648,-0.788731,0.13682,-0.599319,-0.757162,-0.0657585,-0.649909,-0.897525,-0.301732,-0.32157,-0.902444,0.0794521,0.423418,-0.836474,-0.265149,0.479592,-0.632838,-0.397237,0.664619,0.473942,0.159432,0.866003,0.374818,-0.207674,0.903539,0.542478,-0.332064,0.771655,0.988055,0.0682409,0.138171,0.981343,-0.190339,0.0271464,0.921239,-0.28338,-0.266486,0.638599,-0.454772,-0.620785,0.503399,-0.528828,-0.683323,0.3073,-0.447012,-0.840088,-0.210881,-0.498916,-0.840602,-0.489432,-0.808757,-0.326141,-0.779376,-0.597541,-0.188463,-0.7584,-0.608932,0.232446,-0.573484,-0.720976,0.388987,-0.474223,-0.633091,0.611808,0.805515,-0.474664,-0.354738,0.674547,-0.737367,0.0357097,0.462033,-0.886719,0.0159585,-0.111855,-0.649969,0.751684,0.110893,-0.764004,0.63561,0.417572,-0.645337,0.639667,0.306504,-0.112,-0.945257,0.918837,-0.109586,-0.379116,0.889167,-0.113812,0.443203,0.291464,-0.0801359,0.953219,-0.276557,0.00859503,0.960959,-0.916429,0.113916,0.383642,-0.0868773,0.995501,0.0378054,-0.137049,0.967971,0.210355,-0.308989,0.942261,0.12911,-0.21849,0.975273,-0.0332401,-0.192925,0.969825,0.14906,-0.20434,0.978775,-0.0156501,-0.858317,0.0312937,-0.512165,-0.436967,-0.0689095,-0.896834,-0,-1,0,0,-1,-0,0,-1,0,0,-1,0,-0,-1,-0,-0.466344,-0.0610814,-0.882492,-0.848002,-0.0550637,-0.527125,-0.915296,-0.1079,0.388059,-0.276812,-0.0644488,0.95876,0.24674,-0.061064,0.967156,0.858604,-0.102165,0.502355,0.918406,-0.11671,-0.378034,0.23458,-0.098031,-0.967141,0.313659,0.11282,-0.94281,0.916423,0.13003,-0.378497,0.888337,0.117909,0.443796,0.335306,0.076347,0.939011,-0.374627,0.00824214,0.927139,-0.921743,-0.051998,0.384299,-0.917538,-0.0017981,-0.397644,-0.422786,0.0687177,-0.903621,0.258469,-0.0133813,-0.965927,0.924191,-0.0289597,-0.38083,0.870497,-0.0211233,0.49172,0.260897,0.00802451,0.965333,-0.3645,-0.0385634,0.930404,-0.328401,-0.04032,-0.943677,-0.891425,-0.0701996,-0.447698,-0.474034,0.0015812,-0.880505,0.228113,-0.0124522,-0.973555,0.924051,-0.0403741,-0.38013,0.86,-0.0162033,0.510036,0.236544,-0.00268573,0.971617,-0.339143,-0.0900002,0.93642,-0.901269,-0.195935,0.386424,-0.873216,-0.103341,-0.476251,-0.481161,-0.0129531,-0.876537,-0.449022,0.0460306,-0.892334,-0.902371,-0.0376142,-0.429315,-0.918329,-0.0858,0.386408,-0.361633,-0.00720109,0.932293,0.302659,0.0537618,0.951581,0.876866,0.0697689,0.475644,0.921622,0.0772278,-0.380328,0.282625,0.0667201,-0.956907,-0.391547,0.0165375,-0.920009,-0.924084,0.0023174,-0.382182,-0.923873,-0.00533214,0.382662,-0.383673,0.00414657,0.92346,0.372717,0.0182261,0.927766,0.918218,0.0212053,0.395508,0.923805,0.0188387,-0.3824,0.369378,0.0204591,-0.929054,-0.404844,0.0604932,-0.912382,-0.924289,0.00732612,-0.381623,-0.923751,-0.0170432,0.382613,-0.384849,0.0131729,0.922886,0.356217,0.0673015,0.931976,0.903566,0.10268,0.415963,0.91845,0.110568,-0.37977,0.344389,0.0984011,-0.933656,-0.850401,0.414187,0.324449,0.392749,0.896108,-0.206736,-0.446955,-0.86702,0.220244,0.279778,0.0708914,0.957444],